{"skeleton":{"hash":"uSKNgMF/slSVucJ6UJCdOBTmUvY","spine":"3.8.95","x":-803.07,"y":-326.8,"width":1608.58,"height":834.89,"images":"./images/","audio":""},"bones":[{"name":"root"},{"name":"DUST_R","parent":"root"},{"name":"dust_r","parent":"DUST_R"},{"name":"DUST_ST","parent":"root"},{"name":"dust_st","parent":"DUST_ST","y":-61.74,"scaleX":2.4484,"scaleY":2.4484},{"name":"dust_st2","parent":"DUST_ST","y":-61.74,"scaleX":2.4484,"scaleY":2.4484},{"name":"dust_st3","parent":"DUST_ST","y":-61.74,"scaleX":2.4484,"scaleY":2.4484},{"name":"dust_st4","parent":"DUST_ST","y":-61.74,"scaleX":2.4484,"scaleY":2.4484},{"name":"dust_st5","parent":"DUST_ST","y":-61.74,"scaleX":2.4484,"scaleY":2.4484},{"name":"dust_st6","parent":"DUST_ST","y":-61.74,"scaleX":2.4484,"scaleY":2.4484},{"name":"dust_st7","parent":"DUST_ST","y":-61.74,"scaleX":2.4484,"scaleY":2.4484},{"name":"dust_r2","parent":"DUST_R"},{"name":"dust_r3","parent":"DUST_R"},{"name":"dust_r4","parent":"DUST_R"},{"name":"dust_r5","parent":"DUST_R"},{"name":"dust_r6","parent":"DUST_R"}],"slots":[{"name":"clip","bone":"root","attachment":"clip"},{"name":"dust_r","bone":"dust_r","attachment":"dust_r"},{"name":"dust_r2","bone":"dust_r2","attachment":"dust_r"},{"name":"dust_r3","bone":"dust_r3","attachment":"dust_r"},{"name":"dust_r4","bone":"dust_r4","attachment":"dust_r"},{"name":"dust_r5","bone":"dust_r5","attachment":"dust_r"},{"name":"dust_r6","bone":"dust_r6","attachment":"dust_r"},{"name":"dust_st","bone":"dust_st","attachment":"dust_st"},{"name":"dust_st2","bone":"dust_st2","attachment":"dust_st"},{"name":"dust_st3","bone":"dust_st3","attachment":"dust_st"},{"name":"dust_st4","bone":"dust_st4","attachment":"dust_st"},{"name":"dust_st5","bone":"dust_st5","attachment":"dust_st"},{"name":"dust_st6","bone":"dust_st6","attachment":"dust_st"},{"name":"dust_st7","bone":"dust_st7","attachment":"dust_st"}],"skins":[{"name":"default","attachments":{"clip":{"clip":{"type":"clipping","end":"clip","vertexCount":4,"vertices":[-1280.02,720,-1280,-719.98,1280.01,-720.01,1280.04,720.04],"color":"ce3a3aff"}},"dust_r":{"dust_r":{"width":510,"height":416}},"dust_r2":{"dust_r":{"width":510,"height":416}},"dust_r3":{"dust_r":{"width":510,"height":416}},"dust_r4":{"dust_r":{"width":510,"height":416}},"dust_r5":{"dust_r":{"width":510,"height":416}},"dust_r6":{"dust_r":{"width":510,"height":416}},"dust_st":{"dust_st":{"x":0.5,"y":62.24,"scaleX":-1,"width":657,"height":341}},"dust_st2":{"dust_st":{"x":0.5,"y":62.24,"scaleX":-1,"width":657,"height":341}},"dust_st3":{"dust_st":{"x":0.5,"y":62.24,"scaleX":-1,"width":657,"height":341}},"dust_st4":{"dust_st":{"x":0.5,"y":62.24,"scaleX":-1,"width":657,"height":341}},"dust_st5":{"dust_st":{"x":0.5,"y":62.24,"scaleX":-1,"width":657,"height":341}},"dust_st6":{"dust_st":{"x":0.5,"y":62.24,"scaleX":-1,"width":657,"height":341}},"dust_st7":{"dust_st":{"x":0.5,"y":62.24,"scaleX":-1,"width":657,"height":341}}}}],"animations":{"landscape":{"slots":{"dust_r":{"color":[{"time":0.9667,"color":"ffffffff"},{"time":1.6,"color":"ffffff00"}]},"dust_r2":{"color":[{"time":1.1667,"color":"ffffffff"},{"time":1.8,"color":"ffffff00"}],"attachment":[{"name":null},{"time":0.1667,"name":"dust_r"}]},"dust_r3":{"color":[{"time":0.4333,"color":"ffffff00"},{"time":0.9,"color":"ffffffff","curve":"stepped"},{"time":1.0667,"color":"ffffffff"},{"time":1.9333,"color":"ffffff00"}],"attachment":[{"name":null},{"time":0.4333,"name":"dust_r"}]},"dust_r4":{"color":[{"time":0.6333,"color":"ffffff00"},{"time":1.1,"color":"ffffffff","curve":"stepped"},{"time":1.3333,"color":"ffffffff"},{"time":1.9333,"color":"ffffff00"}],"attachment":[{"name":null},{"time":0.6333,"name":"dust_r"}]},"dust_r5":{"color":[{"time":0.6333,"color":"ffffff00"},{"time":1.3,"color":"ffffffff"},{"time":2.1,"color":"ffffff00"}],"attachment":[{"name":null},{"time":0.6333,"name":"dust_r"}]},"dust_r6":{"color":[{"time":0.7333,"color":"ffffff00"},{"time":1.2667,"color":"ffffffff"},{"time":2.4667,"color":"ffffff00"}],"attachment":[{"name":null},{"time":0.7333,"name":"dust_r"}]},"dust_st":{"color":[{"time":1,"color":"ffffffff"},{"time":1.6667,"color":"ffffff00"}]},"dust_st2":{"color":[{"time":1,"color":"ffffffff"},{"time":1.5,"color":"ffffff00"}],"attachment":[{"name":null},{"time":0.1667,"name":"dust_st"}]},"dust_st3":{"color":[{"time":1.2,"color":"ffffffff"},{"time":1.8333,"color":"ffffff00"}],"attachment":[{"name":null},{"time":0.3333,"name":"dust_st"}]},"dust_st4":{"color":[{"color":"ffffff00","curve":"stepped"},{"time":0.4333,"color":"ffffff00"},{"time":0.9,"color":"ffffffff"},{"time":1.8333,"color":"ffffff00"}],"attachment":[{"name":null},{"time":0.3333,"name":"dust_st"}]},"dust_st5":{"color":[{"color":"ffffff00","curve":"stepped"},{"time":0.4333,"color":"ffffff00"},{"time":0.9,"color":"ffffffff","curve":"stepped"},{"time":1.0667,"color":"ffffffff"},{"time":1.8333,"color":"ffffff00"}],"attachment":[{"name":null},{"time":0.3333,"name":"dust_st"}]},"dust_st6":{"color":[{"color":"ffffff00","curve":"stepped"},{"time":0.7667,"color":"ffffff00"},{"time":1.2333,"color":"ffffffff","curve":"stepped"},{"time":1.4,"color":"ffffffff"},{"time":2.1667,"color":"ffffff00"}],"attachment":[{"name":null},{"time":0.3333,"name":"dust_st"}]},"dust_st7":{"color":[{"color":"ffffff00","curve":"stepped"},{"time":1.0667,"color":"ffffff00"},{"time":1.3,"color":"ffffff93"},{"time":2.3,"color":"ffffff00"}],"attachment":[{"name":null},{"time":0.3333,"name":"dust_st"}]}},"bones":{"dust_st":{"translate":[{"x":-2079.92,"y":-503.21},{"time":1.6667,"x":1675.29,"y":-456.01}],"scale":[{"x":1.095,"y":1.095,"curve":0.25,"c3":0.75},{"time":1.6667,"x":2.429,"y":2.429}]},"dust_st2":{"translate":[{"x":-2079.92,"y":-503.21,"curve":"stepped"},{"time":0.1667,"x":-2079.92,"y":-503.21},{"time":1.8667,"x":1675.29,"y":-456.01}],"scale":[{"x":1.095,"y":1.095,"curve":"stepped"},{"time":0.1667,"x":1.095,"y":1.095,"curve":0.25,"c3":0.75},{"time":1.0667,"x":2.458,"y":3.055,"curve":0.25,"c3":0.75},{"time":1.8667,"x":2.429,"y":2.429}]},"dust_st3":{"translate":[{"x":-2061.96,"y":-600.19,"curve":"stepped"},{"time":0.3333,"x":-2061.96,"y":-600.19},{"time":1.8333,"x":1272.98,"y":-603.28}],"scale":[{"x":1.095,"y":1.095,"curve":"stepped"},{"time":0.3333,"x":1.095,"y":1.095,"curve":0.25,"c3":0.75},{"time":1.2333,"x":2.182,"y":2.184,"curve":0.25,"c3":0.75},{"time":2.1667,"x":2.429,"y":1.12}]},"dust_st4":{"translate":[{"x":-2061.96,"y":-600.19,"curve":"stepped"},{"time":0.3333,"x":-2061.96,"y":-600.19},{"time":1.8333,"x":-192.55,"y":-603.28}],"scale":[{"x":1.095,"y":1.095,"curve":"stepped"},{"time":0.3333,"x":1.095,"y":1.095,"curve":0.25,"c3":0.75},{"time":1.2667,"x":2.429,"y":2.046}]},"dust_st5":{"translate":[{"x":-1585,"y":-600.19,"curve":"stepped"},{"time":0.3333,"x":-1585,"y":-600.19},{"time":1.8333,"x":-192.55,"y":-603.28}],"scale":[{"x":1.519,"y":1.519,"curve":0.25,"c3":0.75},{"time":1.4667,"x":2.823,"y":3.679,"curve":0.25,"c3":0.75},{"time":2.4,"x":2.704,"y":3.339}]},"dust_st6":{"translate":[{"x":-1585,"y":-426.75,"curve":"stepped"},{"time":0.3333,"x":-1585,"y":-426.75},{"time":2,"x":1069.22,"y":-542.57}],"scale":[{"x":1.519,"y":1.519,"curve":"stepped"},{"time":0.3333,"x":1.519,"y":1.519,"curve":0.25,"c3":0.75},{"time":1.9,"x":2.682,"y":3.495}]},"dust_st7":{"translate":[{"time":1.0667,"x":-1053.65,"y":-751.63},{"time":2.5,"x":-438.44,"y":-751.63}],"scale":[{"time":1.0667,"x":2.125,"y":2.125}]},"dust_r":{"rotate":[{},{"time":1.5667,"angle":52.33}],"translate":[{"x":-1525.39,"y":225.98},{"time":1.5667,"x":1346.49,"y":414.3}],"scale":[{"x":3.034,"y":3.034},{"time":1.5667,"x":4.136,"y":4.136}]},"dust_r2":{"rotate":[{"time":0.1667,"angle":-165.91,"curve":0.405,"c2":0.6,"c3":0.75},{"time":1.8333,"angle":127}],"translate":[{"time":0.1667,"x":-1553.64,"y":376.64},{"time":1.8333,"x":1484.97,"y":258.69}],"scale":[{"time":0.1667,"x":3.384,"y":3.384},{"time":1.8333,"x":9.827,"y":9.827}]},"dust_r3":{"rotate":[{"time":0.4333,"angle":-165.91},{"time":2.1,"angle":179.55}],"translate":[{"time":0.4333,"x":-1591.3,"y":-9.42},{"time":2.1,"x":338.98,"y":174.2}],"scale":[{"time":0.4333,"x":2.044,"y":2.044},{"time":2.1,"x":6.282,"y":6.282}]},"dust_r4":{"rotate":[{"time":0.6333,"angle":-165.91},{"time":1.9,"angle":179.55}],"translate":[{"time":0.6333,"x":-1591.3,"y":-9.42},{"time":1.9,"x":-9.42,"y":18.83}],"scale":[{"time":0.6333,"x":2.044,"y":2.044},{"time":1.9,"x":6.282,"y":6.282}]},"dust_r5":{"rotate":[{"time":0.6333,"angle":-165.91},{"time":2.1,"angle":179.55}],"translate":[{"time":0.6333,"x":-1614.84,"y":437.84},{"time":2.1,"x":51.79,"y":456.68}],"scale":[{"time":0.6333,"x":0.955,"y":0.955},{"time":2.1,"x":6.282,"y":6.282}]},"dust_r6":{"rotate":[{"time":0.7333,"angle":-165.91},{"time":2.4667,"angle":179.55}],"translate":[{"time":0.7333,"x":-1614.84,"y":-9.42},{"time":2.4667,"x":-37.66,"y":-51.79}],"scale":[{"time":0.7333,"x":2.8,"y":2.8},{"time":2.4667,"x":6.282,"y":6.282}]}}},"portrait":{"slots":{"dust_r":{"color":[{"time":0.9667,"color":"ffffffff"},{"time":1.6,"color":"ffffff00"}]},"dust_r2":{"color":[{"time":1.1667,"color":"ffffffff"},{"time":1.8,"color":"ffffff00"}],"attachment":[{"name":null},{"time":0.1667,"name":"dust_r"}]},"dust_r3":{"color":[{"time":0.4333,"color":"ffffff00"},{"time":0.9,"color":"ffffffff","curve":"stepped"},{"time":1.0667,"color":"ffffffff"},{"time":1.9333,"color":"ffffff00"}],"attachment":[{"name":null},{"time":0.4333,"name":"dust_r"}]},"dust_r4":{"color":[{"time":0.6333,"color":"ffffff00"},{"time":1.1,"color":"ffffffff","curve":"stepped"},{"time":1.3333,"color":"ffffffff"},{"time":1.9333,"color":"ffffff00"}],"attachment":[{"name":null},{"time":0.6333,"name":"dust_r"}]},"dust_r5":{"color":[{"time":0.5,"color":"ffffff00"},{"time":1.1667,"color":"ffffffff"},{"time":1.9667,"color":"ffffff00"}],"attachment":[{"name":null},{"time":0.5,"name":"dust_r"}]},"dust_r6":{"color":[{"time":0.3333,"color":"ffffff00"},{"time":0.8667,"color":"ffffffff"},{"time":2.0667,"color":"ffffff00"}],"attachment":[{"name":null},{"time":0.3333,"name":"dust_r"}]},"dust_st":{"color":[{"time":1,"color":"ffffffff"},{"time":1.6667,"color":"ffffff00"}]},"dust_st2":{"color":[{"time":1,"color":"ffffffff"},{"time":1.5,"color":"ffffff00"}],"attachment":[{"name":null},{"time":0.1667,"name":"dust_st"}]},"dust_st3":{"color":[{"time":1.2,"color":"ffffffff"},{"time":1.7667,"color":"ffffff00"}],"attachment":[{"name":null},{"time":0.3333,"name":"dust_st"}]},"dust_st4":{"color":[{"color":"ffffff00","curve":"stepped"},{"time":0.4333,"color":"ffffff00"},{"time":0.9,"color":"ffffffff"},{"time":1.8333,"color":"ffffff00"}],"attachment":[{"name":null},{"time":0.3333,"name":"dust_st"}]},"dust_st5":{"color":[{"color":"ffffff00","curve":"stepped"},{"time":0.4333,"color":"ffffff00"},{"time":0.9,"color":"ffffffff","curve":"stepped"},{"time":1.0667,"color":"ffffffff"},{"time":1.8333,"color":"ffffff00"}],"attachment":[{"name":null},{"time":0.3333,"name":"dust_st"}]},"dust_st6":{"color":[{"color":"ffffff00","curve":"stepped"},{"time":0.7667,"color":"ffffff00"},{"time":1.2333,"color":"ffffffff","curve":"stepped"},{"time":1.4,"color":"ffffffff"},{"time":2.0667,"color":"ffffff00"}],"attachment":[{"name":null},{"time":0.3333,"name":"dust_st"}]},"dust_st7":{"color":[{"color":"ffffff00","curve":"stepped"},{"time":1.0667,"color":"ffffff00"},{"time":1.3,"color":"ffffff93"},{"time":2.3,"color":"ffffff00"}],"attachment":[{"name":null},{"time":0.3333,"name":"dust_st"}]}},"bones":{"dust_st":{"translate":[{"x":-2018.77,"y":-1138.25,"curve":0,"c2":0.3,"c3":0.75},{"time":1.6667,"x":1306.96,"y":-1138.25}],"scale":[{"x":1.878,"y":2.187,"curve":0.25,"c3":0.75},{"time":1.6667,"x":2.051,"y":2.429}]},"dust_st2":{"translate":[{"x":-1397.84,"y":-1180.58,"curve":"stepped"},{"time":0.1667,"x":-1397.84,"y":-1180.58},{"time":1.8667,"x":1109.39,"y":-1180.58}],"scale":[{"x":1.095,"y":1.095,"curve":"stepped"},{"time":0.1667,"x":1.095,"y":1.095,"curve":0.25,"c3":0.75},{"time":1.0667,"x":2.458,"y":3.055,"curve":0.25,"c3":0.75},{"time":1.8667,"x":2.429,"y":2.429}]},"dust_st3":{"translate":[{"x":-2061.96,"y":-600.19,"curve":"stepped"},{"time":0.3333,"x":-2061.96,"y":-600.19},{"time":1.9667,"x":1272.98,"y":-603.28}],"scale":[{"x":1.095,"y":1.095,"curve":"stepped"},{"time":0.3333,"x":1.095,"y":1.095,"curve":0.25,"c3":0.75},{"time":1.2333,"x":2.182,"y":2.184,"curve":0.25,"c3":0.75},{"time":1.9667,"x":2.429,"y":1.12}]},"dust_st4":{"translate":[{"x":-1054.63,"y":-1185.41,"curve":"stepped"},{"time":0.3333,"x":-1054.63,"y":-1185.41},{"time":1.8333,"x":563.54,"y":-1185.41}],"scale":[{"x":1.095,"y":1.095,"curve":"stepped"},{"time":0.3333,"x":1.095,"y":1.095,"curve":0.25,"c3":0.75},{"time":1.2667,"x":2.429,"y":2.046}]},"dust_st5":{"translate":[{"x":-1585,"y":-600.19,"curve":"stepped"},{"time":0.4333,"x":-1585,"y":-600.19},{"time":1.8333,"x":-192.55,"y":-603.28}],"scale":[{"x":1.519,"y":1.519,"curve":0.25,"c3":0.75},{"time":1.4667,"x":2.823,"y":3.679,"curve":0.25,"c3":0.75},{"time":2.4,"x":2.704,"y":3.339}]},"dust_st6":{"translate":[{"x":-1585,"y":-426.75,"curve":"stepped"},{"time":0.3333,"x":-1585,"y":-426.75},{"time":2,"x":1069.22,"y":-542.57}],"scale":[{"x":1.519,"y":1.519,"curve":"stepped"},{"time":0.3333,"x":1.519,"y":1.519,"curve":0.25,"c3":0.75},{"time":2.1667,"x":2.682,"y":3.495}]},"dust_st7":{"translate":[{"time":1.0667,"x":-1053.65,"y":-751.63},{"time":2.5,"x":-438.44,"y":-751.63}],"scale":[{"time":1.0667,"x":2.125,"y":2.125}]},"dust_r":{"rotate":[{},{"time":1.5667,"angle":52.33}],"translate":[{"x":-1525.39,"y":-686.59},{"time":1.5667,"x":1346.49,"y":-498.27}],"scale":[{"x":3.034,"y":3.034},{"time":1.5667,"x":4.136,"y":4.136}]},"dust_r2":{"rotate":[{"time":0.1667,"angle":-165.91,"curve":0.405,"c2":0.6,"c3":0.75},{"time":1.8333,"angle":127}],"translate":[{"time":0.1667,"x":-1553.64,"y":555.39},{"time":1.8333,"x":1484.97,"y":437.44}],"scale":[{"time":0.1667,"x":3.384,"y":3.384},{"time":1.8333,"x":9.827,"y":9.827}]},"dust_r3":{"rotate":[{"time":0.4333,"angle":-165.91},{"time":2.1,"angle":179.55}],"translate":[{"time":0.4333,"x":-1591.3,"y":-9.42},{"time":2.1,"x":338.98,"y":174.2}],"scale":[{"time":0.4333,"x":2.044,"y":2.044},{"time":2.1,"x":6.282,"y":6.282}]},"dust_r4":{"rotate":[{"time":0.6333,"angle":-165.91},{"time":1.9,"angle":179.55}],"translate":[{"time":0.6333,"x":-1591.3,"y":-9.42},{"time":1.9,"x":-9.42,"y":18.83}],"scale":[{"time":0.6333,"x":2.044,"y":2.044},{"time":1.9,"x":6.282,"y":6.282}]},"dust_r5":{"rotate":[{"time":0.5,"angle":-165.91},{"time":1.9667,"angle":179.55}],"translate":[{"time":0.5,"x":-1614.84,"y":734.2},{"time":1.4667,"x":-516.38,"y":746.61},{"time":1.9667,"x":51.79,"y":753.03}],"scale":[{"time":0.5,"x":0.955,"y":0.955},{"time":1.9667,"x":6.282,"y":6.282}]},"dust_r6":{"rotate":[{"time":0.3333,"angle":-165.91},{"time":2.0667,"angle":179.55}],"translate":[{"time":0.3333,"x":-1614.84,"y":-983.14},{"time":0.7333,"x":-1250.88,"y":-992.92},{"time":2.0667,"x":-37.66,"y":-1025.52}],"scale":[{"time":0.3333,"x":2.8,"y":2.8},{"time":2.0667,"x":6.282,"y":6.282}]}},"deform":{"default":{"clip":{"clip":[{"vertices":[560.0021,560.0205,560.002,-560.01086,-560.016,-560.01086,-560.016,560.0205]}]}}}}}}